,train_loss,train_accuracy,val_loss,val_accuracy
0,0.6200419377374943,0.7053388090349076,0.6808488360593017,0.6140845070422535
1,0.6050984734091793,0.7217659137577002,0.6870691218006779,0.6140845070422535
2,0.5975716879526325,0.7217659137577002,0.7081248144868394,0.6140845070422535
3,0.6085856148869839,0.7217659137577002,0.6781823659446877,0.6140845070422535
4,0.602644286437813,0.7217659137577002,0.688229699285937,0.6140845070422535
5,0.5995264544363996,0.7217659137577002,0.6797734570335334,0.6140845070422535
6,0.5971610406126819,0.7217659137577002,0.6847113312969745,0.6140845070422535
7,0.5980167407657209,0.7217659137577002,0.6886636253813623,0.6140845070422535
8,0.597320568130124,0.7217659137577002,0.6828444932548093,0.6140845070422535
