,train_loss,train_accuracy,val_loss,val_accuracy
0,0.6286181417581077,0.8598130841121495,0.6169070584433419,0.8571428571428571
1,0.5603361048465856,0.8598130841121495,0.3912854835391045,0.8571428571428571
2,0.4943688453967187,0.8504672897196262,0.4219156469617571,0.8571428571428571
3,0.4699481850681461,0.8598130841121495,0.44022124920572553,0.8571428571428571
4,0.44996920506530835,0.8598130841121495,0.42763403611523765,0.8571428571428571
5,0.4630055785022467,0.8598130841121495,0.4242918436016355,0.8571428571428571
6,0.40533469375397,0.8598130841121495,0.4103962004184723,0.8571428571428571
