,train_loss,train_accuracy,val_loss,val_accuracy
0,0.6154183517009387,0.7032854209445585,0.6679588562166187,0.6140845070422535
1,0.5996063425601508,0.7217659137577002,0.6744203371061406,0.6140845070422535
2,0.5887064977460091,0.7217659137577002,0.7241100281267099,0.6140845070422535
3,0.5785681327792492,0.7217659137577002,0.7262040847623852,0.6140845070422535
4,0.5598601886564656,0.7166324435318275,0.8007306770224806,0.6140845070422535
5,0.5548330145968544,0.7207392197125256,0.7262391318107995,0.6225352112676056
