,train_loss,train_accuracy,val_loss,val_accuracy
0,0.8885013123850241,0.6635514018691588,0.503417021036148,0.8571428571428571
1,0.7245179468370914,0.7476635514018691,0.4866404622793198,0.8571428571428571
2,0.6729694893972613,0.7850467289719626,0.5050205043384007,0.8571428571428571
3,0.6986319729790904,0.7663551401869159,0.4486736991575786,0.8571428571428571
4,0.6603540530746639,0.8130841121495327,0.5882834323814937,0.8571428571428571
5,0.6813274554742152,0.7383177570093458,0.5150249830314091,0.8571428571428571
6,0.5322373231032985,0.794392523364486,0.4825098557131631,0.8571428571428571
7,0.6229873473367602,0.8037383177570093,0.5534037598541804,0.8571428571428571
8,0.600950297947416,0.794392523364486,0.49439971191542487,0.8571428571428571
