,train_loss,train_accuracy,val_loss,val_accuracy
0,0.6475779439908651,0.7217659137577002,0.6724771175586002,0.6140845070422535
1,0.598870829153171,0.7217659137577002,0.6812846583379826,0.6140845070422535
2,0.6002829123816206,0.7217659137577002,0.6842695655537323,0.6140845070422535
3,0.6025043402702718,0.7217659137577002,0.6813018131424003,0.6140845070422535
4,0.5959068927646173,0.7217659137577002,0.7445588758294012,0.6140845070422535
5,0.5987497439236978,0.7217659137577002,0.6766033325396793,0.6140845070422535
